time,latitude,longitude,depth,mag,magType,nst,gap,dmin,rms,net,id,updated,place,placeCondensed,type,horizontalError,depthError,magError,magNst,status,locationSource,magSource
2023-10-06T04:55:47.944Z,58.3277,-133.5783,5,3,ml,11,146,0.499,0.66,us,us6000lddn,2023-10-06T05:11:34.040Z,"49 km E of Juneau, Alaska",Alaska,earthquake,3.63,2.003,0.083,19,reviewed,us,us
2023-09-22T22:49:44.861Z,50.3009,179.4632,10,3,ml,13,284,1.084,0.4,us,us7000kxke,2023-10-05T20:06:59.355Z,"Rat Islands, Aleutian Islands, Alaska",Alaska,earthquake,3.37,2.025,0.091,16,reviewed,us,us
2023-09-22T22:03:14.803Z,60.3317,-152.5965,115.7,3,ml,,,,0.67,ak,ak023c6mj6ex,2023-10-05T23:10:58.485Z,"60 km WNW of Ninilchik, Alaska",Alaska,earthquake,,0.2,,,reviewed,ak,ak
2023-09-19T15:21:22.384Z,67.3364,-168.9581,12.1,3,ml,,,,0.53,ak,ak023c1juz74,2023-10-04T14:37:30.040Z,"146 km SW of Point Hope, Alaska",Alaska,earthquake,,1.8,,,reviewed,ak,ak
2023-09-18T14:42:37.043Z,52.6333,-173.799,183.744,3,ml,13,180,0.327,0.41,us,us6000lcbl,2023-10-03T21:23:13.040Z,"55 km NNE of Atka, Alaska",Alaska,earthquake,14.2,17.421,0.128,8,reviewed,us,us
2023-09-17T08:03:59.120Z,51.9191,176.2954,109.3,3,ml,,,,0.62,ak,ak023by4igy0,2023-09-29T19:10:10.735Z,"Rat Islands, Aleutian Islands, Alaska",Alaska,earthquake,,2.6,,,reviewed,ak,ak
2023-09-16T13:12:21.331Z,51.7703,178.2641,129,3,ml,,,,0.6,ak,ak023bwk05x8,2023-10-02T18:41:19.463Z,"Rat Islands, Aleutian Islands, Alaska",Alaska,earthquake,,1,,,reviewed,ak,ak
2023-09-15T23:05:44.504Z,52.5854,-168.2653,35,3,ml,12,242,0.528,0.6,us,us6000lbin,2023-09-29T02:59:20.040Z,"Fox Islands, Aleutian Islands, Alaska",Alaska,earthquake,3.69,2.013,0.128,8,reviewed,us,us
2023-09-15T00:00:22.440Z,51.7806,-167.0052,10,3,ml,14,229,1.646,0.23,us,us6000lb9k,2023-09-29T00:22:23.040Z,"180 km SE of Nikolski, Alaska",Alaska,earthquake,7.38,2.02,0.105,12,reviewed,us,us
2023-09-14T12:18:07.022Z,50.1874,177.1856,7.1,3,ml,,,,0.56,ak,ak023bt8d9lq,2023-09-29T21:13:05.353Z,"Rat Islands, Aleutian Islands, Alaska",Alaska,earthquake,,17.2,,,reviewed,ak,ak
2023-09-14T09:34:33.557Z,51.7102,-178.4295,83.5,3,ml,,,,0.63,ak,ak023bt6ogbu,2023-09-29T21:12:57.538Z,"125 km W of Adak, Alaska",Alaska,earthquake,,0.3,,,reviewed,ak,ak
2023-09-11T17:10:11.510Z,59.3889,-153.4067,103.5,3,ml,,,,0.56,ak,ak023bocooo7,2023-09-24T17:10:28.405Z,"59 km SE of Pedro Bay, Alaska",Alaska,earthquake,,0.2,,,reviewed,ak,ak
2023-09-10T06:04:31.576Z,65.4421,-168.4384,19.5,3,ml,,,,0.6,ak,ak023bmikbtq,2023-10-06T10:33:49.040Z,"24 km SW of Wales, Alaska",Alaska,earthquake,,1.4,,,reviewed,ak,ak
2023-09-09T20:28:32.888Z,50.9003,-179.2932,10,3,ml,19,238,0.72,0.4,us,us7000kxik,2023-09-28T23:08:20.040Z,"214 km WSW of Adak, Alaska",Alaska,earthquake,2.9,1.954,0.097,22,reviewed,us,us
2023-09-07T02:10:48.625Z,58.5581,-138.7763,9.5,3,ml,,,,0.64,ak,ak023bhhlvbs,2023-10-04T22:30:32.040Z,"122 km SSE of Yakutat, Alaska",Alaska,earthquake,,0.5,,,reviewed,ak,ak
2023-09-23T11:14:05.560Z,59.4528,-152.7957,86.4,3.1,ml,,,,0.56,ak,ak023c83l3k7,2023-10-06T17:47:06.191Z,"50 km WNW of Nanwalek, Alaska",Alaska,earthquake,,0.2,,,reviewed,ak,ak
2023-09-23T08:16:46.283Z,57.5292,-152.6184,51,3.1,ml,,,,0.49,ak,ak023c81tb81,2023-10-06T17:47:35.184Z,"17 km S of Womens Bay, Alaska",Alaska,earthquake,,0.7,,,reviewed,ak,ak
2023-09-21T05:23:58.967Z,52.1586,-170.7635,58.4,3.1,ml,,,,0.55,ak,ak023c4ozucr,2023-10-04T14:43:32.679Z,"155 km SW of Nikolski, Alaska",Alaska,earthquake,,0.8,,,reviewed,ak,ak
2023-09-18T21:36:57.424Z,55.5583,-158.0932,43.9,3.1,ml,,,,0.52,ak,ak023bzzziq2,2023-10-02T22:12:34.503Z,"76 km ESE of Perryville, Alaska",Alaska,earthquake,,0.5,,,reviewed,ak,ak
2023-09-17T20:16:54.035Z,57.1448,-155.5407,63,3.1,ml,,,,0.54,ak,ak023bybqg3g,2023-10-01T15:09:10.040Z,"80 km SW of Karluk, Alaska",Alaska,earthquake,,0.6,,,reviewed,ak,ak
2023-09-14T14:55:15.727Z,53.2842,-167.5111,66.019,3.1,ml,18,188,0.271,0.52,us,us6000lbt0,2023-09-30T16:24:26.040Z,"92 km SW of Unalaska, Alaska",Alaska,earthquake,10.81,14.612,0.105,12,reviewed,us,us
2023-09-12T23:23:16.128Z,52.5619,-174.361,188.8,3.1,ml,,,,0.72,ak,ak023bq3vgle,2023-09-27T05:54:43.547Z,"Andreanof Islands, Aleutian Islands, Alaska",Alaska,earthquake,,1,,,reviewed,ak,ak
2023-09-12T15:56:38.806Z,52.0919,-173.6388,7.184,3.1,ml,13,192,0.416,0.46,us,us6000laz9,2023-09-27T17:23:59.040Z,"40 km ESE of Atka, Alaska",Alaska,earthquake,5.14,2.428,0.128,8,reviewed,us,us
2023-09-10T14:19:34.198Z,51.9225,-171.9969,35,3.1,ml,18,210,1.335,0.95,us,us7000kxk8,2023-09-23T13:15:22.040Z,"154 km ESE of Atka, Alaska",Alaska,earthquake,7.73,2.02,0.097,14,reviewed,us,us
2023-09-09T21:16:39.896Z,49.9244,-178.7776,10,3.1,ml,20,256,1.631,0.42,us,us7000kxim,2023-09-28T23:14:00.040Z,"264 km SW of Adak, Alaska",Alaska,earthquake,5.06,2.017,0.085,22,reviewed,us,us
2023-09-08T23:35:04.662Z,58.2551,-155.1169,4.6,3.1,ml,,,,0.57,ak,ak023bjhsl5l,2023-09-19T23:23:47.480Z,"85 km NNW of Karluk, Alaska",Alaska,earthquake,,0.1,,,reviewed,ak,ak
2023-10-03T20:41:25.965Z,61.18,-150.648,49.1,3.2,ml,,,,0.74,ak,ak023coshapd,2023-10-06T20:50:35.595Z,"23 km E of Beluga, Alaska",Alaska,earthquake,,0.4,,,reviewed,ak,ak
2023-10-01T22:08:36.065Z,61.4108,-146.6639,2,3.2,ml,,,,0.77,ak,ak023clief4t,2023-10-02T00:21:01.343Z,"35 km NNW of Valdez, Alaska",Alaska,earthquake,,0.2,,,reviewed,ak,ak
2023-09-30T00:46:33.306Z,54.7237,-156.7416,10,3.2,ml,43,241,1.98,0.64,us,us6000lbtw,2023-09-30T00:56:48.040Z,"201 km SE of Perryville, Alaska",Alaska,earthquake,4.74,2.014,0.081,20,reviewed,us,us
2023-09-20T06:15:49.537Z,59.9081,-152.7983,99.2,3.2,ml,,,,0.53,ak,ak023c3206y0,2023-10-03T22:11:38.701Z,"56 km WNW of Anchor Point, Alaska",Alaska,earthquake,,0.2,,,reviewed,ak,ak
2023-09-18T05:17:59.844Z,55.9368,-149.2723,3.4,3.2,ml,,,,0.71,ak,ak023bzqcp33,2023-10-01T17:05:33.036Z,"261 km SE of Chiniak, Alaska",Alaska,earthquake,,3.8,,,reviewed,ak,ak
2023-09-17T08:52:17.889Z,52.1863,-168.4461,27.8,3.2,ml,,,,0.57,ak,ak023by4sw7s,2023-09-29T19:10:07.681Z,"Fox Islands, Aleutian Islands, Alaska",Alaska,earthquake,,3.5,,,reviewed,ak,ak
2023-09-15T19:09:54.841Z,51.3887,-175.7482,25.6,3.2,ml,,,,0.53,ak,ak023bv00tig,2023-09-28T21:48:45.827Z,"81 km SE of Adak, Alaska",Alaska,earthquake,,1,,,reviewed,ak,ak
2023-09-12T16:13:54.688Z,52.1174,-173.5721,18.671,3.2,ml,13,191,0.439,0.6,us,us6000lazz,2023-09-27T17:26:16.040Z,"Andreanof Islands, Aleutian Islands, Alaska",Alaska,earthquake,5.89,6.737,0.128,8,reviewed,us,us
2023-09-10T07:17:05.882Z,52.3358,-174.3431,177.627,3.2,ml,27,161,0.088,0.33,us,us7000kute,2023-09-22T22:49:45.863Z,"18 km NNW of Atka, Alaska",Alaska,earthquake,18.98,11.794,0.077,22,reviewed,us,us
2023-09-09T17:30:13.664Z,54.5757,-163.8027,93.642,3.2,ml,31,179,0.077,0.41,us,us7000kxig,2023-10-05T17:50:18.040Z,"39 km SW of False Pass, Alaska",Alaska,earthquake,9.07,5.624,0.091,16,reviewed,us,us
2023-09-09T09:45:14.634Z,59.9119,-153.4627,145.1,3.2,ml,,,,0.61,ak,ak023bkx215x,2023-10-04T10:13:07.040Z,"38 km ENE of Pedro Bay, Alaska",Alaska,earthquake,,0.2,,,reviewed,ak,ak
2023-09-07T19:43:58.799Z,50.8218,-173.1227,10,3.2,ml,10,319,1.647,0.75,us,us7000kx0r,2023-10-05T13:17:51.040Z,"170 km SSE of Atka, Alaska",Alaska,earthquake,6.11,2.028,0.128,8,reviewed,us,us
2023-09-07T14:52:13.110Z,51.4719,176.1224,35,3.2,ml,14,224,1.561,0.6,us,us7000ku12,2023-09-20T23:26:52.282Z,"252 km SE of Attu Station, Alaska",Alaska,earthquake,6.24,2.016,0.097,16,reviewed,us,us
2023-10-01T12:08:21.332Z,56.7216,-148.6365,10,3.3,ml,45,243,2.394,0.44,us,us6000lc38,2023-10-01T20:59:55.286Z,"241 km ESE of Chiniak, Alaska",Alaska,earthquake,2.93,2.018,0.045,66,reviewed,us,us
2023-09-28T21:08:30.739Z,69.1343,-144.6263,10.1,3.3,ml,,,,0.65,ak,ak023cgj6xr5,2023-09-28T21:54:21.168Z,"117 km SSW of Kaktovik, Alaska",Alaska,earthquake,,0.5,,,reviewed,ak,ak
2023-09-23T21:52:39.054Z,55.3753,-135.4307,4.5,3.3,ml,,,,0.98,ak,ak023c89rne3,2023-10-06T15:38:14.945Z,"109 km SSW of Port Alexander, Alaska",Alaska,earthquake,,1,,,reviewed,ak,ak
2023-09-18T12:57:25.861Z,52.2523,-170.4108,33.5,3.3,ml,,,,0.71,ak,ak023bzur24p,2023-10-02T20:04:24.960Z,"129 km SW of Nikolski, Alaska",Alaska,earthquake,,0.9,,,reviewed,ak,ak
2023-09-15T13:07:54.887Z,53.6481,-164.5848,35,3.3,ml,26,203,0.826,0.75,us,us6000lbka,2023-10-02T04:45:44.040Z,"95 km SE of Akutan, Alaska",Alaska,earthquake,3.49,2.014,0.088,17,reviewed,us,us
2023-09-15T09:07:40.723Z,56.5054,-154.0485,3.2,3.3,ml,,,,0.65,ak,ak023buu214d,2023-09-29T14:22:33.461Z,"49 km S of Akhiok, Alaska",Alaska,earthquake,,1.1,,,reviewed,ak,ak
2023-09-14T21:15:31.529Z,54.44,-159.5867,35,3.3,ml,37,212,1.046,0.53,us,us6000lbhj,2023-09-29T00:35:59.040Z,"115 km SSE of Sand Point, Alaska",Alaska,earthquake,6.1,2.019,0.077,22,reviewed,us,us
2023-09-09T11:38:20.204Z,50.5002,-174.1047,10,3.3,ml,14,292,1.826,0.39,us,us7000kx9e,2023-10-05T08:49:47.040Z,"188 km S of Atka, Alaska",Alaska,earthquake,4.08,2.025,0.148,6,reviewed,us,us
2023-10-01T12:12:12.310Z,65.5879,-165.0822,12.384,3.4,ml,25,108,0.216,0.5,us,us6000lc39,2023-10-01T12:19:34.040Z,"69 km ENE of Teller, Alaska",Alaska,earthquake,3.62,6.065,0.069,28,reviewed,us,us
2023-10-01T03:52:13.915Z,54.5565,-160.9673,47.965,3.4,ml,18,208,0.844,0.64,us,us6000ld63,2023-10-06T01:18:15.040Z,"91 km SSW of Sand Point, Alaska",Alaska,earthquake,7.26,13.791,0.105,12,reviewed,us,us
2023-09-23T23:42:55.687Z,52.1031,-171.583,41.5,3.4,ml,,,,0.5,ak,ak023c8awejl,2023-10-06T15:37:38.995Z,"179 km E of Atka, Alaska",Alaska,earthquake,,4.9,,,reviewed,ak,ak
2023-09-23T21:49:21.590Z,51.9237,-166.298,10,3.4,mb,45,182,1.784,0.7,us,us6000lbe8,2023-10-06T15:37:39.412Z,"207 km SE of Nikolski, Alaska",Alaska,earthquake,5.08,1.955,0.131,14,reviewed,us,us
2023-09-22T21:54:59.157Z,57.0656,-154.4747,29,3.4,ml,,,,0.59,ak,ak023c6m8rn0,2023-10-05T23:10:58.180Z,"22 km NW of Akhiok, Alaska",Alaska,earthquake,,1,,,reviewed,ak,ak
2023-09-22T01:46:09.064Z,51.8178,177.8323,154.031,3.4,ml,14,178,0.441,0.51,us,us6000ld0g,2023-10-05T20:39:01.040Z,"Rat Islands, Aleutian Islands, Alaska",Alaska,earthquake,8.62,6.036,0.105,12,reviewed,us,us
2023-09-20T15:13:00.993Z,54.1843,-168.8994,14,3.4,ml,,,,0.6,ak,ak023c37cks5,2023-10-03T20:24:01.059Z,"138 km N of Nikolski, Alaska",Alaska,earthquake,,0.4,,,reviewed,ak,ak
2023-09-18T06:09:43.358Z,60.2293,-152.7846,12.8,3.4,ml,,,,0.69,ak,ak023bzqw7a7,2023-10-01T17:06:08.646Z,"65 km WNW of Ninilchik, Alaska",Alaska,earthquake,,0.1,,,reviewed,ak,ak
2023-09-15T04:51:33.844Z,51.9685,-173.5773,10,3.4,ml,12,197,0.448,0.39,us,us6000lb9n,2023-09-28T22:28:34.040Z,"Andreanof Islands, Aleutian Islands, Alaska",Alaska,earthquake,5.5,1.987,0.115,10,reviewed,us,us
2023-09-12T10:23:21.084Z,54.9786,-156.3644,0.2,3.4,ml,,,,0.41,ak,ak023bpw4syv,2023-09-26T21:19:10.128Z,"194 km SE of Chignik, Alaska",Alaska,earthquake,,1.2,,,reviewed,ak,ak
2023-09-11T05:34:32.480Z,52.2181,-170.362,35,3.4,ml,15,215,0.635,0.6,us,us7000kv00,2023-09-26T16:39:10.318Z,"129 km SW of Nikolski, Alaska",Alaska,earthquake,3.72,2.018,0.097,14,reviewed,us,us
2023-09-10T01:35:16.784Z,53.604,-160.781,10,3.4,ml,24,222,1.642,0.79,us,us7000kxjl,2023-09-23T21:34:59.040Z,"190 km SSE of King Cove, Alaska",Alaska,earthquake,7.12,2.015,0.091,16,reviewed,us,us
2023-09-10T01:32:08.749Z,51.8321,-176.0364,77.677,3.4,ml,18,204,0.169,0.21,us,us7000kxjh,2023-09-23T21:30:43.040Z,"41 km E of Adak, Alaska",Alaska,earthquake,10.1,6.779,0.081,20,reviewed,us,us
2023-09-07T09:29:58.254Z,59.8056,-152.634,87.2,3.4,ml,,,,0.9,ak,ak023bhlw02w,2023-09-21T08:24:39.775Z,"45 km W of Anchor Point, Alaska",Alaska,earthquake,,0.3,,,reviewed,ak,ak
2023-10-05T03:19:58.654Z,60.0248,-140.9919,14.2,3.5,ml,,,,0.84,ak,ak023crtaz61,2023-10-05T05:16:54.902Z,"88 km NW of Yakutat, Alaska",Alaska,earthquake,,0.2,,,reviewed,ak,ak
2023-10-04T07:40:55.861Z,63.5392,-147.7057,6.8,3.5,ml,,,,0.48,ak,ak023cq89uz6,2023-10-04T20:34:04.040Z,"63 km ESE of Denali Park, Alaska",Alaska,earthquake,,0.2,,,reviewed,ak,ak
2023-09-21T17:06:21.168Z,51.6902,-174.0605,55.485,3.5,mb,50,150,0.519,0.68,us,us6000lb33,2023-10-04T13:52:24.122Z,"57 km S of Atka, Alaska",Alaska,earthquake,8.91,9.847,0.091,30,reviewed,us,us
2023-09-08T01:32:22.561Z,51.8117,-171.2083,10,3.5,ml,17,221,1.259,0.74,us,us7000kx7a,2023-09-22T22:10:01.040Z,"203 km SW of Nikolski, Alaska",Alaska,earthquake,3.58,2.01,0.097,14,reviewed,us,us
2023-10-01T07:22:35.648Z,59.1883,-136.8971,7,3.6,ml,,,,0.62,ak,ak023cl9jwzj,2023-10-05T23:20:35.476Z,"55 km WSW of Covenant Life, Alaska",Alaska,earthquake,,0.5,,,reviewed,ak,ak
2023-09-20T11:08:39.436Z,51.7004,177.3208,55.008,3.6,ml,23,194,0.779,0.37,us,us6000lcl3,2023-10-05T06:02:47.040Z,"Rat Islands, Aleutian Islands, Alaska",Alaska,earthquake,11.23,19.874,0.077,22,reviewed,us,us
2023-09-19T15:36:09.722Z,67.4153,-168.9408,24.4,3.6,ml,,,,0.57,ak,ak023c1jy5zj,2023-10-04T14:56:51.040Z,"139 km SW of Point Hope, Alaska",Alaska,earthquake,,1.8,,,reviewed,ak,ak
2023-09-19T07:10:47.023Z,54.1824,-168.8904,11.6,3.6,ml,,,,0.64,ak,ak023c1f17xg,2023-10-01T22:14:33.973Z,"138 km N of Nikolski, Alaska",Alaska,earthquake,,0.6,,,reviewed,ak,ak
2023-09-14T17:47:14.383Z,51.3931,179.3623,35,3.6,ml,21,167,0.041,0.2,us,us6000lbhh,2023-09-29T20:55:00.040Z,"Rat Islands, Aleutian Islands, Alaska",Alaska,earthquake,3.85,2.002,0.071,26,reviewed,us,us
2023-09-12T21:12:22.575Z,51.9492,-173.6153,7.829,3.6,ml,15,197,0.441,0.76,us,us6000lazw,2023-09-27T05:54:42.522Z,"48 km SE of Atka, Alaska",Alaska,earthquake,4.78,6.495,0.097,14,reviewed,us,us
2023-10-06T16:21:20.977Z,51.3656,178.7291,41.5,3.7,ml,,,,0.3,ak,ak023ctolb37,2023-10-06T16:46:09.497Z,"Rat Islands, Aleutian Islands, Alaska",Alaska,earthquake,,0.7,,,reviewed,ak,ak
2023-10-06T06:58:47.450Z,60.0714,-153.3597,143.8,3.7,ml,,,,0.72,ak,ak023ctiuyia,2023-10-06T14:17:08.864Z,"52 km NE of Pedro Bay, Alaska",Alaska,earthquake,,0.3,,,reviewed,ak,ak
2023-09-29T07:40:56.535Z,51.4694,-177.9601,80.024,3.7,mb,35,196,0.289,0.19,us,us6000lbmq,2023-09-29T08:35:39.040Z,"102 km WSW of Adak, Alaska",Alaska,earthquake,6.91,8.37,0.205,6,reviewed,us,us
2023-09-25T05:24:33.059Z,51.9437,-178.5016,148.159,3.7,mb,76,109,0.213,0.4,us,us7000kxxw,2023-09-25T08:16:46.040Z,"128 km W of Adak, Alaska",Alaska,earthquake,12.26,6.107,0.078,42,reviewed,us,us
2023-09-22T06:34:24.133Z,54.942,-156.2803,24.4,3.7,ml,,,,0.57,ak,ak023c6d6wh3,2023-10-05T15:00:56.472Z,"201 km SE of Chignik, Alaska",Alaska,earthquake,,2.2,,,reviewed,ak,ak
2023-09-08T22:15:07.237Z,52.9822,-167.9541,35,3.7,mb,52,205,0.395,0.65,us,us7000kuim,2023-09-19T23:23:45.796Z,"61 km E of Nikolski, Alaska",Alaska,earthquake,5.4,2.007,0.159,10,reviewed,us,us
2023-09-07T19:05:52.610Z,52.0838,-173.2763,10.376,3.7,ml,18,193,0.541,0.57,us,us7000kx0p,2023-10-05T13:20:09.040Z,"64 km ESE of Atka, Alaska",Alaska,earthquake,2.2,6.531,0.085,18,reviewed,us,us
2023-10-04T00:08:13.000Z,61.9508,-149.2972,42.6,3.8,ml,,,,0.59,ak,ak023cq3wvg8,2023-10-06T18:02:52.665Z,"23 km N of Fishhook, Alaska",Alaska,earthquake,,0.2,,,reviewed,ak,ak
2023-09-22T20:06:30.096Z,51.33,-179.1586,61.715,3.8,mb,74,201,0.311,0.69,us,us7000kxjq,2023-10-05T23:10:57.737Z,"185 km WSW of Adak, Alaska",Alaska,earthquake,5.43,7.322,0.073,50,reviewed,us,us
2023-09-19T13:30:28.786Z,55.7109,-161.736,164.072,3.8,mb,25,107,0.188,0.43,us,us6000lccv,2023-10-03T21:50:38.040Z,"46 km SW of Nelson Lagoon, Alaska",Alaska,earthquake,8.19,2.113,0.255,4,reviewed,us,us
2023-09-14T22:55:37.182Z,51.2544,-179.4882,51.202,3.8,ml,21,209,0.518,0.15,us,us7000kvv6,2023-09-28T21:14:00.046Z,"209 km WSW of Adak, Alaska",Alaska,earthquake,4.63,13.746,0.085,26,reviewed,us,us
2023-09-10T12:16:24.167Z,51.956,-174.5198,75.906,3.8,mb,38,176,0.411,0.42,us,us7000kuti,2023-09-23T02:21:26.347Z,"34 km SW of Atka, Alaska",Alaska,earthquake,8.67,8.441,0.108,22,reviewed,us,us
2023-10-06T11:33:07.980Z,55.8295,-153.7912,12,3.9,ml,,,,0.53,ak,ak023ctlopez,2023-10-06T14:02:10.145Z,"126 km S of Akhiok, Alaska",Alaska,earthquake,,7.9,,,reviewed,ak,ak
2023-09-25T05:27:16.500Z,67.4426,-170.2676,21.8,3.9,ml,,,,0.54,ak,ak023cbb5zvi,2023-09-26T06:44:50.040Z,"179 km SW of Point Hope, Alaska",Alaska,earthquake,,3.9,,,reviewed,ak,ak
2023-09-24T18:20:14.838Z,51.5506,179.3111,71.24,3.9,mb,68,92,0.173,0.46,us,us7000kxuq,2023-10-01T16:24:50.040Z,"282 km W of Adak, Alaska",Alaska,earthquake,4.59,5.938,0.066,60,reviewed,us,us
2023-09-23T11:12:51.314Z,64.4772,-146.976,11,3.9,ml,,,,0.73,ak,ak023c83krjp,2023-10-06T17:48:13.233Z,"6 km SW of Salcha, Alaska",Alaska,earthquake,,0.1,,,reviewed,ak,ak
2023-09-18T07:03:13.438Z,52.2017,-174.2744,83.717,3.9,mb,94,166,0.047,0.5,us,us7000kwhu,2023-10-01T17:05:33.584Z,"Andreanof Islands, Aleutian Islands, Alaska",Alaska,earthquake,7.99,4.052,0.077,45,reviewed,us,us
2023-10-06T01:56:55.871Z,62.8954,-150.5723,102.7,4,ml,,,,0.6,ak,ak023ctfvdsb,2023-10-06T14:20:04.493Z,"45 km NNE of Petersville, Alaska",Alaska,earthquake,,0.2,,,reviewed,ak,ak
2023-10-04T11:00:05.886Z,52.0344,-171.1194,40.326,4,mb,45,140,1.082,1.03,us,us6000lcu3,2023-10-05T04:54:46.040Z,"183 km SW of Nikolski, Alaska",Alaska,earthquake,6.12,10.633,0.113,21,reviewed,us,us
2023-09-10T02:23:02.835Z,51.2528,-179.1871,48.201,4,mb,29,205,0.381,0.71,us,us7000kvrf,2023-09-23T00:08:31.672Z,"190 km WSW of Adak, Alaska",Alaska,earthquake,5.86,6.787,0.144,13,reviewed,us,us
2023-10-06T12:02:36.894Z,52.6045,-174.1197,175.146,4.1,mb,46,97,0.406,0.93,us,us6000ldfb,2023-10-06T14:33:05.188Z,"45 km N of Atka, Alaska",Alaska,earthquake,12.1,8.002,0.067,61,reviewed,us,us
2023-09-16T23:59:21.226Z,52.418,-169.4766,35,4.1,mb,55,177,0.399,0.81,us,us7000kwa9,2023-09-30T00:04:57.040Z,"71 km SW of Nikolski, Alaska",Alaska,earthquake,4.46,1.953,0.12,19,reviewed,us,us
2023-10-06T14:01:18.912Z,61.2601,-149.9258,39.6,4.2,ml,,,,0.98,ak,ak023ctna5d5,2023-10-06T21:00:56.928Z,"4 km NNW of Anchorage, Alaska",Alaska,earthquake,,0.3,,,reviewed,ak,ak
2023-09-29T15:23:51.107Z,51.1258,-170.1608,35,4.2,mb,48,179,2.674,1.01,us,us6000lbqg,2023-09-29T16:57:55.962Z,"220 km SSW of Nikolski, Alaska",Alaska,earthquake,5.56,1.982,0.068,60,reviewed,us,us
2023-09-08T16:27:21.411Z,63.1043,-150.4,105.3,4.2,mb,,,,0.74,ak,ak023bjdkvln,2023-09-24T19:21:28.214Z,"70 km NNE of Petersville, Alaska",Alaska,earthquake,,0.4,,,reviewed,ak,ak
2023-10-02T10:04:42.600Z,53.0274,-166.7089,10,4.3,mb,47,171,0.774,0.44,us,us6000lc9n,2023-10-03T07:47:28.040Z,"94 km S of Unalaska, Alaska",Alaska,earthquake,1.98,1.963,0.148,13,reviewed,us,us
2023-09-20T13:50:01.960Z,51.877,178.454,120.551,4.3,mb,116,166,0.107,0.75,us,us7000kwvx,2023-10-03T20:24:00.833Z,"Rat Islands, Aleutian Islands, Alaska",Alaska,earthquake,10.24,5.684,0.045,141,reviewed,us,us
2023-10-06T11:34:04.088Z,52.4583,-169.3575,35,4.4,mb,41,175,0.599,0.54,us,us6000ldf6,2023-10-06T15:25:11.579Z,"Fox Islands, Aleutian Islands, Alaska",Alaska,earthquake,6.75,1.952,0.071,58,reviewed,us,us
2023-09-19T16:53:00.011Z,54.3615,-160.8954,36.177,4.4,mwr,93,135,0.969,0.85,us,us7000kwpy,2023-10-04T15:31:38.234Z,"111 km SSW of Sand Point, Alaska",Alaska,earthquake,5.65,6.412,0.083,14,reviewed,us,us
2023-09-14T22:35:05.805Z,59.3137,-153.5008,103.7,4.4,mb,,,,0.89,ak,ak023btef8mo,2023-09-28T21:13:59.568Z,"62 km ESE of Pope-Vannoy Landing, Alaska",Alaska,earthquake,,0.2,,,reviewed,ak,ak
2023-09-27T02:14:28.013Z,55.0119,-160.3996,51.63,4.7,mww,112,93,0.341,0.77,us,us6000lb0w,2023-09-28T23:19:16.954Z,"36 km S of Sand Point, Alaska",Alaska,earthquake,2.33,4.708,0.083,14,reviewed,us,us
2023-09-12T05:23:16.192Z,54.9832,-156.3811,4.7,4.7,mb,,,,0.59,ak,ak023bpt5ml3,2023-10-02T05:02:41.040Z,"193 km SE of Chignik, Alaska",Alaska,earthquake,,0.9,,,reviewed,ak,ak
2023-09-09T18:06:00.437Z,51.6489,177.7983,76.533,4.8,mb,164,112,0.535,0.81,us,us7000kumw,2023-10-05T18:00:28.040Z,"Rat Islands, Aleutian Islands, Alaska",Alaska,earthquake,6.01,4.327,0.027,421,reviewed,us,us
2023-09-12T21:48:57.541Z,53.9669,-164.0771,47.719,4.9,mb,191,105,0.588,0.62,us,us7000kvdm,2023-09-30T21:42:17.040Z,"107 km SSW of False Pass, Alaska",Alaska,earthquake,4.45,5.006,0.044,163,reviewed,us,us
2023-09-24T15:01:37.370Z,52.6072,-171.8369,109.128,5,mb,66,99,1.502,1.04,us,us7000kxtv,2023-10-06T18:32:43.532Z,"167 km ENE of Atka, Alaska",Alaska,earthquake,7.02,7.628,0.023,600,reviewed,us,us
2023-09-22T09:04:41.626Z,54.9829,-160.4751,44.236,5,mww,116,123,0.367,0.81,us,us7000kxbh,2023-10-04T22:57:31.286Z,"39 km S of Sand Point, Alaska",Alaska,earthquake,5.37,4.747,0.048,41,reviewed,us,us
2023-09-12T23:17:37.397Z,51.4903,-176.4225,50.193,5,mb,284,77,0.372,0.66,us,us7000kve6,2023-10-04T23:27:47.268Z,"45 km SSE of Adak, Alaska",Alaska,earthquake,4.48,4.804,0.038,222,reviewed,us,us
2023-09-10T13:03:54.290Z,54.2656,-160.8945,10,5,mww,47,130,1.05,0.94,us,us7000kutk,2023-09-30T14:21:27.498Z,"121 km SSW of Sand Point, Alaska",Alaska,earthquake,2.43,1.773,0.048,42,reviewed,us,us
2023-09-21T01:13:59.537Z,54.9711,-160.3721,50.608,5.4,mww,133,126,0.384,0.95,us,us7000kx0x,2023-10-05T01:24:04.844Z,"41 km SSE of Sand Point, Alaska",Alaska,earthquake,3.08,4.998,0.048,42,reviewed,us,us
2023-09-21T01:13:58.642Z,54.8989,-160.3438,9,5.5,ml,,,,0.71,ak,ak023c4mkaea,2023-10-04T14:43:31.156Z,"49 km SSE of Sand Point, Alaska",Alaska,earthquake,,0.3,,,reviewed,ak,ak
2023-09-10T12:00:52.717Z,54.322,-160.9605,35,3,ml,23,227,0.981,0.82,us,us7000kxk2,2023-09-23T06:39:49.040Z,Alaska,Alaska,earthquake,3.35,1.998,0.097,14,reviewed,us,us
2023-09-23T20:38:14.827Z,54.9985,-160.413,34.669,3.8,ml,30,202,0.354,0.51,us,us7000kxpw,2023-10-06T15:37:37.911Z,Alaska,Alaska,earthquake,5.73,5.589,0.071,26,reviewed,us,us
2023-09-22T11:59:09.075Z,55.0124,-160.4415,52.953,4.1,mb,59,153,0.338,0.74,us,us7000kxch,2023-10-04T22:57:32.181Z,Alaska,Alaska,earthquake,5.23,8.565,0.157,11,reviewed,us,us
2023-09-27T09:51:05.009Z,56.4485,-168.2526,5.637,4.8,mb,133,45,0.734,0.51,us,us6000lb2a,2023-09-27T16:56:38.998Z,Alaska,Alaska,earthquake,5.64,4.66,0.057,95,reviewed,us,us
2023-09-15T09:53:39.556Z,62.1249,-152.5928,1.1,3,ml,,,,0.8,ak,ak023buubvu1,2023-09-29T14:22:33.779Z,Alaska,Alaska,earthquake,,0.2,,,reviewed,ak,ak
2023-09-20T23:15:47.362Z,63.009,-150.9205,117.8,3.4,ml,,,,0.5,ak,ak023c3c4k4z,2023-10-03T21:26:40.082Z,Alaska,Alaska,earthquake,,0.3,,,reviewed,ak,ak
2023-09-07T22:42:49.908Z,61.2248,-151.3103,69.7,3,ml,,,,0.63,ak,ak023bhtpenv,2023-09-22T03:28:00.040Z,Alaska,Alaska,earthquake,,0.2,,,reviewed,ak,ak
2023-09-19T13:58:06.185Z,61.7502,-150.4497,59.1,3.3,ml,,,,0.71,ak,ak023c1iw083,2023-10-03T21:58:25.687Z,Alaska,Alaska,earthquake,,0.3,,,reviewed,ak,ak
2023-09-28T10:50:20.266Z,32.2341,-110.4897,5,3.1,ml,22,126,0.261,0.99,us,us6000lbcm,2023-10-01T22:50:56.259Z,"23 km E of Tanque Verde, Arizona",Arizona,earthquake,2.11,1.954,0.057,40,reviewed,us,us
2023-10-03T13:15:41.167Z,32.6631,-109.1169,5,3.3,ml,19,114,0.111,0.32,us,us6000lchs,2023-10-05T21:49:37.772Z,"3 km WSW of Franklin, Arizona",Arizona,earthquake,2.49,1.977,0.051,50,reviewed,us,us
2023-09-28T00:48:10.943Z,41.1673,-126.8581,10,3,ml,28,277,2.14,0.42,us,us6000lb9i,2023-10-04T05:04:05.040Z,"227 km WNW of Indianola, California",California,earthquake,5.48,2.024,0.048,56,reviewed,us,us
2023-09-27T01:29:07.990Z,35.8795,-117.686,2.74,3.04,ml,33,71,0.09549,0.16,ci,ci40573224,2023-09-28T21:58:08.040Z,"21 km ESE of Little Lake, California",California,earthquake,0.19,0.74,0.146,98,reviewed,ci,ci
2023-09-25T06:42:33.790Z,35.0428333,-119.6403333,14.25,3.05,ml,66,42,0.1036,0.32,ci,ci40572024,2023-09-26T06:38:27.040Z,"20 km WSW of Taft, California",California,earthquake,0.31,0.58,0.118,75,reviewed,ci,ci
2023-09-19T02:50:17.730Z,40.3676667,-125.1903333,5.16,3.05,ml,21,314,0.6529,0.16,nc,nc73938691,2023-09-28T01:24:12.469Z,"77 km W of Petrolia, California",California,earthquake,1.79,3.09,0.203,20,reviewed,nc,nc
2023-09-19T09:54:27.540Z,34.1121667,-117.47,6.8,3.06,ml,150,15,0.02881,0.22,ci,ci39668658,2023-10-01T02:44:41.507Z,"2 km NW of Fontana, California",California,earthquake,0.11,0.29,0.165,167,reviewed,ci,ci
2023-09-19T05:25:21.350Z,37.422,-121.3036667,3.68,3.06,ml,131,137,0.04005,0.2,nc,nc73938826,2023-09-30T08:43:01.040Z,"16 km WSW of Patterson, California",California,earthquake,0.18,0.44,0.194,96,reviewed,nc,nc
2023-09-08T23:40:28.210Z,34.0328333,-116.9541667,6.9,3.06,ml,138,19,0.06244,0.16,ci,ci39661746,2023-09-12T17:46:30.633Z,"8 km E of Yucaipa, California",California,earthquake,0.08,0.36,0.17,217,reviewed,ci,ci
2023-09-26T18:40:03.090Z,40.694,-123.581,30.66,3.17,ml,74,22,0.2141,0.15,nc,nc73942216,2023-09-30T16:12:56.516Z,"28 km S of Willow Creek, California",California,earthquake,0.21,0.55,0.166,25,reviewed,nc,nc
2023-09-23T15:57:47.940Z,37.4186667,-121.3045,3.44,3.22,ml,127,126,0.03733,0.17,nc,nc73940786,2023-09-28T05:10:15.742Z,"16 km WSW of Patterson, California",California,earthquake,0.17,0.44,0.212,117,reviewed,nc,nc
2023-09-18T06:20:52.980Z,38.8108333,-122.793,1.47,3.22,ml,113,31,0.00338,0.1,nc,nc73938186,2023-09-22T17:26:15.012Z,"5 km NW of The Geysers, California",California,earthquake,0.09,0.14,0.199,107,reviewed,nc,nc
2023-09-18T04:17:37.720Z,39.2225,-120.0956667,3.53,3.22,ml,32,52,0.08394,0.12,nc,nc73938166,2023-09-20T03:29:07.146Z,"4 km N of Dollar Point, California",California,earthquake,0.2,0.62,0.197,69,reviewed,nc,nc
2023-09-12T08:32:21.450Z,37.1875,-121.573,5.81,3.28,ml,147,36,0.04897,0.11,nc,nc73935981,2023-09-19T06:23:05.040Z,"10 km NE of Morgan Hill, California",California,earthquake,0.09,0.21,0.164,115,reviewed,nc,nc
2023-09-14T02:43:54.090Z,36.5745,-121.1756667,7.74,3.35,ml,87,53,0.008319,0.15,nc,nc73936566,2023-09-30T00:28:23.040Z,"6 km NNW of Pinnacles, California",California,earthquake,0.2,0.32,0.123,83,reviewed,nc,nc
2023-09-19T03:44:30.550Z,37.4358333,-121.3031667,-0.4,3.49,mw,149,90,0.05285,0.19,nc,nc73938706,2023-09-21T17:49:55.482Z,"15 km SW of Westley, California",California,earthquake,0.18,0.24,,3,reviewed,nc,nc
2023-10-05T03:09:58.000Z,35.041,-117.661,0.79,3.52,ml,63,40,0.1102,0.15,ci,ci40577368,2023-10-06T03:13:36.206Z,"5 km NNW of Boron, California",California,earthquake,0.12,0.32,0.15,156,reviewed,ci,ci
2023-09-27T20:00:21.390Z,38.558,-119.5118333,4.58,3.6,ml,25,112,0.02859,0.07,nc,nc73942611,2023-10-03T20:23:51.020Z,"6 km NNW of Walker, California",California,earthquake,0.2,0.34,0.182,161,reviewed,nc,nc
2023-10-01T19:29:36.760Z,40.2915,-124.2905,9.59,3.61,mw,40,115,0.0308,0.17,nc,nc73944271,2023-10-04T01:04:19.888Z,"4 km S of Petrolia, California",California,earthquake,0.36,0.21,,4,reviewed,nc,nc
2023-09-30T16:36:43.820Z,40.366,-125.6611667,10,3.74,mw,90,249,1.011,0.28,nc,nc73943841,2023-10-01T12:36:44.245Z,"117 km W of Petrolia, California",California,earthquake,2.47,31.61,,3,reviewed,nc,nc
2023-09-19T00:15:32.580Z,37.4418333,-121.2848333,0.05,3.97,mw,167,93,0.05643,0.17,nc,nc73938626,2023-09-24T18:06:08.347Z,"14 km SSW of Westley, California",California,earthquake,0.15,0.21,,3,reviewed,nc,nc
2023-10-01T15:41:29.620Z,40.2951667,-124.287,9.8,4.09,mw,42,105,0.02685,0.17,nc,nc73944166,2023-10-02T02:34:55.127Z,"3 km S of Petrolia, California",California,earthquake,0.37,0.23,,4,reviewed,nc,nc
2023-09-30T17:16:47.830Z,40.501,-124.4385,29.09,4.22,mw,40,221,0.08112,0.14,nc,nc73943846,2023-10-06T01:17:13.179Z,"17 km WSW of Ferndale, California",California,earthquake,0.66,0.51,,6,reviewed,nc,nc
2023-09-08T17:25:05.950Z,40.9618333,-121.5705,12.44,4.33,ml,15,90,0.07524,0.05,nc,nc71131324,2023-10-04T21:22:32.680Z,"12 km NE of Burney, California",California,earthquake,0.23,0.42,0.009,4,reviewed,nc,nc
2023-09-19T04:13:10.380Z,37.4381667,-121.2958333,3.51,4.53,mw,174,91,0.05369,0.18,nc,nc73938736,2023-09-26T23:31:34.169Z,"15 km SW of Westley, California",California,earthquake,0.17,0.5,,5,reviewed,nc,nc
2023-09-30T15:26:26.760Z,40.5588333,-124.2886667,17.88,4.65,mw,45,166,0.02573,0.2,nc,nc73943821,2023-10-06T04:25:40.075Z,"3 km SW of Ferndale, California",California,earthquake,0.44,0.29,,5,reviewed,nc,nc
2023-09-08T17:24:38.390Z,40.953,-121.56,15.63,4.99,mw,41,33,0.08699,0.12,nc,nc73934641,2023-10-06T17:34:46.332Z,"12 km NE of Burney, California",California,earthquake,0.2,0.56,,4,reviewed,nc,nc
2023-09-11T02:53:57.925Z,37.2011,-104.7425,6.656,3.3,ml,15,78,0.085,0.74,us,us7000kuy4,2023-09-12T23:02:01.645Z,Colorado,Colorado,earthquake,1.52,1.672,0.048,88,reviewed,us,us
2023-09-10T23:46:13.291Z,37.1833,-104.7717,5.851,3.6,mb,26,59,0.062,0.6,us,us7000kuwn,2023-10-03T18:59:58.040Z,"6 km NNW of Segundo, Colorado",Colorado,earthquake,3.2,5.546,0.177,8,reviewed,us,us
2023-09-25T18:36:06.796Z,11.7469,145.0593,10,4.4,mb,37,87,1.841,0.83,us,us6000lbq1,2023-09-29T19:27:13.040Z,"172 km SSE of Inarajan Village, Guam",Guam,earthquake,8.95,1.596,0.107,25,reviewed,us,us
2023-09-09T02:49:05.125Z,14.1145,144.9124,160.551,4.4,mb,64,42,0.524,0.78,us,us7000kvq2,2023-09-30T02:30:29.369Z,"64 km N of Yigo Village, Guam",Guam,earthquake,11.19,5.214,0.079,47,reviewed,us,us
2023-09-07T16:32:50.748Z,12.6602,143.6684,58.182,4.5,mb,72,112,1.49,0.58,us,us7000ktzz,2023-10-04T19:09:01.040Z,"127 km WSW of Merizo Village, Guam",Guam,earthquake,11.52,7.426,0.072,62,reviewed,us,us
2023-09-07T16:20:12.203Z,13.9638,144.8474,190.918,4.5,mb,19,98,0.373,1.07,us,us7000kvb3,2023-10-04T18:49:45.040Z,"47 km N of Yigo Village, Guam",Guam,earthquake,12.26,5.734,0.171,11,reviewed,us,us
2023-09-26T08:04:07.548Z,13.1834,145.0452,45.79,4.8,mb,58,61,0.439,0.59,us,us7000ky57,2023-09-27T06:07:35.561Z,"33 km ESE of Inarajan Village, Guam",Guam,earthquake,7.34,6.265,0.085,43,reviewed,us,us
2023-09-19T21:10:54.526Z,10.8543,144.0759,10,4.8,mb,37,87,2.827,0.57,us,us7000kwrt,2023-09-21T10:17:17.846Z,"274 km SSW of Merizo Village, Guam",Guam,earthquake,12.71,1.92,0.111,25,reviewed,us,us
2023-09-21T09:48:22.893Z,13.7876,144.6376,148.416,5,mb,85,40,0.299,1.04,us,us7000kx26,2023-10-05T09:58:38.756Z,"35 km NNW of Asan-Maina Village, Guam",Guam,earthquake,6.37,4.584,0.029,383,reviewed,us,us
2023-09-09T10:11:54.079Z,12.0223,143.9359,10,4.8,mb,96,60,1.804,0.54,us,us7000kvqg,2023-10-05T08:22:11.040Z,Guam,Guam,earthquake,7.5,1.884,0.052,127,reviewed,us,us
2023-09-24T10:53:49.060Z,21.20166667,-157.482,7.68,3.01,ml,7,176,,0.13,hv,hv73584542,2023-10-06T01:50:40.089Z,"26 km ESE of East Honolulu, Hawaii",Hawaii,earthquake,1.6,0.77,0.146033634,5,reviewed,hv,hv
2023-09-25T16:00:12.820Z,19.33316667,-155.1435,1.25,3.02,ml,48,91,,0.17,hv,hv73585172,2023-10-05T18:54:07.040Z,"14 km S of Fern Forest, Hawaii",Hawaii,earthquake,0.26,0.33,0.176328479,42,reviewed,hv,hv
2023-09-11T00:47:18.120Z,19.39183333,-155.2761667,1.92,3.05,ml,44,49,,0.11,hv,hv73575257,2023-09-11T01:33:13.980Z,"7 km SW of Volcano, Hawaii",Hawaii,earthquake,0.18,0.16,0.210050615,32,reviewed,hv,hv
2023-09-11T01:26:58.860Z,19.38966667,-155.2763333,1.05,3.06,ml,28,58,,0.13,hv,hv73575362,2023-09-12T02:42:03.040Z,"7 km SW of Volcano, Hawaii",Hawaii,earthquake,0.21,0.13,0.12416881,11,reviewed,hv,hv
2023-09-12T11:02:18.350Z,19.17683333,-155.4946667,34.37,3.12,ml,53,87,,0.12,hv,hv73576197,2023-09-12T20:44:41.540Z,"Island of Hawaii, Hawaii",Hawaii,earthquake,0.42,0.52,0.202257776,38,reviewed,hv,hv
2023-09-30T02:42:39.220Z,19.147,-155.3723333,29.77,3.17,ml,62,182,,0.12,hv,hv73588382,2023-09-30T03:10:15.981Z,"12 km ESE of Pāhala, Hawaii",Hawaii,earthquake,0.4,0.48,0.152552057,44,reviewed,hv,hv
2023-09-15T05:07:05.500Z,19.20083333,-155.3818333,31.71,3.28,ml,60,166,,0.13,hv,hv73577947,2023-09-27T05:14:13.040Z,"10 km E of Pāhala, Hawaii",Hawaii,earthquake,0.42,0.5,0.127318489,41,reviewed,hv,hv
2023-10-04T10:11:29.710Z,19.19233333,-155.4938333,32.69,3.32,ml,61,68,,0.11,hv,hv73591397,2023-10-04T20:38:21.905Z,"1 km SW of Pāhala, Hawaii",Hawaii,earthquake,0.36,0.45,0.201259605,44,reviewed,hv,hv
2023-09-11T00:49:44.500Z,19.3845,-155.2776667,1.25,3.45,ml,44,64,,0.12,hv,hv73575267,2023-09-13T00:52:43.120Z,"7 km SW of Volcano, Hawaii",Hawaii,earthquake,0.16,0.12,0.230458991,16,reviewed,hv,hv
2023-09-11T00:48:22.570Z,19.38983333,-155.2768333,1.92,3.53,ml,34,53,,0.11,hv,hv73575262,2023-09-11T01:10:49.254Z,"7 km SW of Volcano, Hawaii",Hawaii,earthquake,0.16,0.14,0.190501853,10,reviewed,hv,hv
2023-09-18T14:34:40.980Z,40.1778,-98.3284,9.962,3.4,mb_lg,24,52,1.237,0.52,us,us7000kwge,2023-09-26T19:01:11.294Z,"10 km E of Cowles, Nebraska",Nebraska,earthquake,2.07,7.527,0.041,153,reviewed,us,us
2023-09-15T22:24:16.979Z,38.1509,-118.1633,11.4,3.2,ml,12,42.98,0.148,0.1123,nn,nn00865877,2023-09-15T23:07:42.107Z,"27 km S of Mina, Nevada",Nevada,earthquake,,1.7,0.16,7,reviewed,nn,nn
2023-09-20T02:39:38.572Z,38.1753,-117.7825,8.1,3.3,ml,14,50.98,0.115,0.1213,nn,nn00866091,2023-09-22T02:29:14.040Z,Nevada,Nevada,earthquake,,1.1,0.2,8,reviewed,nn,nn
2023-09-11T11:32:28.379Z,31.6574241,-104.3772564,6.131567383,3.1,ml,63,58,0.046718352,0.3,tx,tx2023rvdd,2023-09-22T07:45:41.040Z,"57 km S of Whites City, New Mexico",New Mexico,earthquake,0.685944036,0.590563947,0.1,35,reviewed,tx,tx
2023-09-28T09:26:54.354Z,31.751,-104.183,6.3244,3.2,ml(texnet),36,57,0,0.1,tx,tx2023taap,2023-09-29T18:53:36.186Z,"50 km SSE of Whites City, New Mexico",New Mexico,earthquake,0.422476381,0.614767379,0.3,27,reviewed,tx,tx
2023-09-24T07:13:14.839Z,31.626,-104.516,5.0261,3.2,ml(texnet),29,148,0,0.3,tx,tx2023ssod,2023-09-25T04:26:33.323Z,"62 km SSW of Whites City, New Mexico",New Mexico,earthquake,1.9481208,1.407665056,0.2,19,reviewed,tx,tx
2023-09-22T12:18:31.454Z,32.2871,-103.3149,7.7,3.5,ml,33,61,0.098,0.5,us,us7000kxci,2023-10-01T04:46:39.040Z,"22 km SW of Eunice, New Mexico",New Mexico,earthquake,1.94,6.915,0.085,26,reviewed,us,us
2023-09-22T10:46:38.850Z,35.54033333,-96.7555,7,3.22,ml,101,35,0,0.18,ok,ok2023sped,2023-09-22T19:33:19.340Z,"8 km NW of Prague, Oklahoma",Oklahoma,earthquake,,0.4,0.21,39,reviewed,ok,ok
2023-09-25T00:40:31.129Z,34.48,-97.77266667,19.89,3.68,ml,97,47,0,0.36,ok,ok2023stwr,2023-09-26T07:22:21.865Z,"9 km WNW of Velma, Oklahoma",Oklahoma,earthquake,,0.7,0.23,32,reviewed,ok,ok
2023-09-22T06:46:37.349Z,43.5246,-127.2726,10,3,ml,45,274,2.351,0.68,us,us7000kxaw,2023-10-01T13:41:10.040Z,Oregon,Oregon,earthquake,3.18,2.024,0.037,98,reviewed,us,us
2023-10-02T00:49:16.156Z,43.7392,-128.2235,10,4.7,mb,76,198,2.528,1.05,us,us6000lc65,2023-10-02T01:06:07.040Z,Oregon,Oregon,earthquake,8.49,1.934,0.041,189,reviewed,us,us
2023-09-08T00:36:34.919Z,43.0465,-126.2868,10,3.3,ml,46,207,1.607,0.58,us,us7000ku2k,2023-09-16T03:33:10.514Z,"149 km WNW of Port Orford, Oregon",Oregon,earthquake,6.86,2.011,0.031,138,reviewed,us,us
2023-09-26T22:44:39.501Z,43.1837,-127.0405,10,3.4,ml,40,286,2.214,0.57,us,us6000lazq,2023-09-26T23:30:48.504Z,"212 km W of Langlois, Oregon",Oregon,earthquake,12.18,2.024,0.042,76,reviewed,us,us
2023-09-29T19:38:55.850Z,18.782,-67.39283333,11.13,3,md,14,279,0.3715,0.15,pr,pr71426533,2023-09-29T19:50:31.070Z,"44 km NW of San Antonio, Puerto Rico",Puerto Rico,earthquake,0.88,0.89,0.103471068,9,reviewed,pr,pr
2023-09-29T15:17:08.460Z,17.92766667,-66.28066667,7.65,3,md,17,197,0.1697,0.21,pr,pr71426488,2023-09-29T15:39:45.730Z,"5 km SSE of Salinas, Puerto Rico",Puerto Rico,earthquake,0.56,1.33,0.223582563,15,reviewed,pr,pr
2023-10-02T00:28:17.350Z,17.94616667,-67.0535,6.92,3.01,md,19,227,0.02476,0.11,pr,pr71427203,2023-10-02T00:50:51.440Z,"3 km SSW of La Parguera, Puerto Rico",Puerto Rico,earthquake,0.4,0.2,0.050144633,8,reviewed,pr,pr
2023-10-05T11:37:28.920Z,18.6245,-66.79883333,15.33,3.02,md,11,223,0.2946,0.21,pr,pr71427558,2023-10-05T12:22:44.630Z,"15 km N of Hatillo, Puerto Rico",Puerto Rico,earthquake,0.76,0.83,0.124804441,7,reviewed,pr,pr
2023-09-19T03:53:59.940Z,17.93866667,-66.9655,15.3,3.03,md,21,220,0.06357,0.09,pr,pr71425233,2023-09-19T04:10:19.340Z,"7 km WSW of Guánica, Puerto Rico",Puerto Rico,earthquake,0.34,0.34,0.062003634,5,reviewed,pr,pr
2023-09-16T09:53:40.290Z,17.8895,-66.86783333,12.88,3.04,md,18,238,0.08578,0.13,pr,pr71424973,2023-09-16T10:15:28.880Z,"10 km SSE of Guánica, Puerto Rico",Puerto Rico,earthquake,0.55,0.4,0.297217807,10,reviewed,pr,pr
2023-09-15T10:20:17.440Z,18.965,-65.969,55.96,3.04,md,5,289,0.7434,0.06,pr,pr71424823,2023-09-15T10:42:02.010Z,"57 km NNE of San Juan, Puerto Rico",Puerto Rico,earthquake,1.66,3.17,0.073057732,4,reviewed,pr,pr
2023-09-14T01:48:00.300Z,17.88566667,-65.99083333,26.39,3.08,md,11,214,0.136,0.31,pr,pr71424678,2023-09-14T02:00:49.690Z,"10 km S of Lamboglia, Puerto Rico",Puerto Rico,earthquake,1.22,1.73,0.08856852,4,reviewed,pr,pr
2023-10-05T01:45:15.340Z,18.61783333,-66.78716667,13.23,3.09,md,31,223,0.2612,0.29,pr,pr71427518,2023-10-05T01:59:21.980Z,"15 km N of Carrizales, Puerto Rico",Puerto Rico,earthquake,0.54,0.82,0.072707856,9,reviewed,pr,pr
2023-10-06T08:49:40.700Z,18.64416667,-66.899,15.25,3.15,md,33,221,0.1703,0.2,pr,pr71427638,2023-10-06T12:53:40.369Z,"18 km NNW of Camuy, Puerto Rico",Puerto Rico,earthquake,0.53,0.61,0.084406118,10,reviewed,pr,pr
2023-10-05T00:16:03.360Z,17.75016667,-65.6535,37.56,3.16,md,16,191,0.3583,0.18,pr,pr71427503,2023-10-05T00:31:35.760Z,"36 km SE of Emajagua, Puerto Rico",Puerto Rico,earthquake,0.95,1.85,0.064504189,8,reviewed,pr,pr
2023-09-16T10:12:41.440Z,19.08566667,-66.55566667,43.57,3.16,md,11,288,0.7844,0.12,pr,pr71424993,2023-09-16T11:23:56.270Z,"69 km N of Tierras Nuevas Poniente, Puerto Rico",Puerto Rico,earthquake,1.15,4.06,0.114492945,7,reviewed,pr,pr
2023-10-06T08:46:36.100Z,18.667,-66.91666667,19.18,3.17,md,31,229,0.1899,0.19,pr,pr71427623,2023-10-06T09:10:40.940Z,"21 km N of Quebradillas, Puerto Rico",Puerto Rico,earthquake,0.64,0.36,0.070028128,14,reviewed,pr,pr
2023-09-30T03:56:45.190Z,17.9405,-66.2735,7.45,3.17,md,14,192,0.1606,0.25,pr,pr71426578,2023-09-30T04:44:49.490Z,"4 km SSE of Salinas, Puerto Rico",Puerto Rico,earthquake,0.64,1.08,0.246605194,12,reviewed,pr,pr
2023-09-09T09:36:49.180Z,19.16683333,-66.47166667,20.11,3.18,md,21,269,0.7375,0.23,pr,pr71424258,2023-09-09T10:01:24.850Z,"78 km N of Tierras Nuevas Poniente, Puerto Rico",Puerto Rico,earthquake,0.85,21.14,0.095464442,11,reviewed,pr,pr
2023-09-26T23:46:27.550Z,19.0285,-65.953,11.96,3.2,md,13,257,0.7741,0.24,pr,pr71426038,2023-09-27T00:09:24.591Z,"64 km NNE of San Juan, Puerto Rico",Puerto Rico,earthquake,2.13,3.11,0.130670027,5,reviewed,pr,pr
2023-09-28T05:40:47.380Z,18.7015,-67.41033333,6.98,3.21,md,13,280,0.322,0.2,pr,pr71426248,2023-09-28T05:52:45.530Z,"40 km NW of San Antonio, Puerto Rico",Puerto Rico,earthquake,0.97,1.13,0.050040225,7,reviewed,pr,pr
2023-09-27T09:11:45.210Z,19.06116667,-67.26333333,10.01,3.21,md,13,283,0.6079,0.31,pr,pr71426098,2023-09-27T10:14:27.850Z,"65 km NNW of San Antonio, Puerto Rico",Puerto Rico,earthquake,2.26,2.96,0.052977798,9,reviewed,pr,pr
2023-09-26T06:32:19.900Z,18.48933333,-66.11716667,103.14,3.22,md,18,187,0.1821,0.14,pr,pr71425993,2023-09-26T07:59:23.078Z,"2 km NNW of San Juan, Puerto Rico",Puerto Rico,earthquake,1.23,0.67,0.084107179,8,reviewed,pr,pr
2023-09-16T12:38:28.760Z,17.88133333,-66.8655,11.82,3.22,md,21,238,0.09413,0.1,pr,pr71425013,2023-09-16T13:08:32.070Z,"10 km SSE of Guánica, Puerto Rico",Puerto Rico,earthquake,0.58,0.44,0.166034426,13,reviewed,pr,pr
2023-09-25T04:11:55.270Z,18.65816667,-67.105,98.37,3.23,md,18,264,0.1897,0.2,pr,pr71425763,2023-09-25T04:31:18.300Z,"18 km N of San Antonio, Puerto Rico",Puerto Rico,earthquake,1.34,0.7,0.076531699,8,reviewed,pr,pr
2023-09-15T15:33:36.900Z,17.948,-67.0761,7,3.24,md,17,239,0.0384,0.07,pr,pr2023258001,2023-09-30T16:26:43.040Z,"4 km SW of La Parguera, Puerto Rico",Puerto Rico,earthquake,0.85,0.18,0.24,12,reviewed,pr,pr
2023-09-24T01:24:27.130Z,18.83133333,-67.172,8.68,3.25,md,22,262,0.3665,0.17,pr,pr71425638,2023-09-24T01:55:18.550Z,"38 km NNW of San Antonio, Puerto Rico",Puerto Rico,earthquake,0.53,0.62,0.02688442,8,reviewed,pr,pr
2023-10-01T08:49:54.350Z,17.93133333,-66.85016667,12.08,3.26,md,42,195,0.05155,0.15,pr,pr71427053,2023-10-01T12:59:21.040Z,"6 km SE of Maria Antonia, Puerto Rico",Puerto Rico,earthquake,0.29,0.2,0.101746985,19,reviewed,pr,pr
2023-10-01T05:43:09.410Z,17.93983333,-66.28433333,10.55,3.26,md,20,192,0.1709,0.24,pr,pr71426943,2023-10-01T05:59:33.240Z,"4 km SSE of Salinas, Puerto Rico",Puerto Rico,earthquake,0.45,0.6,0.070247248,10,reviewed,pr,pr
2023-09-16T15:11:14.330Z,17.8975,-66.86183333,12.42,3.26,md,27,221,0.0789,0.15,pr,pr71425038,2023-09-30T19:08:32.040Z,"9 km SSE of Maria Antonia, Puerto Rico",Puerto Rico,earthquake,0.56,0.34,0.029434986,14,reviewed,pr,pr
2023-09-16T10:38:04.510Z,19.06316667,-66.495,21.82,3.26,md,20,271,0.5839,0.18,pr,pr71425003,2023-09-16T12:43:22.700Z,"66 km N of Tierras Nuevas Poniente, Puerto Rico",Puerto Rico,earthquake,0.73,13.56,0.084069798,8,reviewed,pr,pr
2023-09-09T06:01:04.750Z,17.87766667,-65.67683333,4.28,3.28,md,27,177,0.2483,0.31,pr,pr71424228,2023-09-26T05:20:18.040Z,"25 km SE of El Negro, Puerto Rico",Puerto Rico,earthquake,0.53,0.68,0.114940112,7,reviewed,pr,pr
2023-10-05T00:55:58.040Z,17.65816667,-67.956,48.9,3.29,md,10,291,0.4172,0.19,pr,pr71427513,2023-10-05T01:25:51.770Z,"88 km WSW of Pole Ojea, Puerto Rico",Puerto Rico,earthquake,1.36,2.43,0.038203332,4,reviewed,pr,pr
2023-09-07T23:35:53.360Z,18.36416667,-66.36933333,120.8,3.31,md,6,224,0.04559,0.09,pr,pr71424088,2023-09-08T03:57:11.559Z,"2 km SSE of Miranda, Puerto Rico",Puerto Rico,earthquake,2.45,0.83,0.030577155,3,reviewed,pr,pr
2023-09-27T02:13:22.880Z,17.9475,-66.9418,8,3.32,md,13,206,0.1047,0.15,pr,pr2023270000,2023-09-28T22:05:06.040Z,"4 km SW of Guánica, Puerto Rico",Puerto Rico,earthquake,0.52,1.14,0.02,7,reviewed,pr,pr
2023-09-19T22:02:03.920Z,19.19416667,-65.477,39.43,3.32,md,5,319,1.093,0.08,pr,pr71425283,2023-09-19T22:17:44.500Z,"93 km NNE of Vieques, Puerto Rico",Puerto Rico,earthquake,1.6,7.86,0.001774559,3,reviewed,pr,pr
2023-09-15T09:18:32.570Z,17.9435,-66.96183333,14.32,3.35,md,33,212,0.05812,0.14,pr,pr71424813,2023-09-15T13:37:47.040Z,Puerto Rico,Puerto Rico,earthquake,0.35,0.39,0.1537421,16,reviewed,pr,pr
2023-09-13T09:00:21.490Z,18.8406,-65.4181,38,3.36,md,12,252,0.6673,0.32,pr,pr2023256000,2023-09-13T10:48:50.607Z,"60 km NNE of Luquillo, Puerto Rico",Puerto Rico,earthquake,2.84,8.45,0.11,11,reviewed,pr,pr
2023-09-30T18:40:51.280Z,18.1496,-66.3948,5,3.38,md,18,149,0.1989,0.21,pr,pr2023273001,2023-09-30T22:56:34.517Z,Puerto Rico,Puerto Rico,earthquake,0.39,0.48,0.13,15,reviewed,pr,pr
2023-09-07T04:08:01.700Z,19.0215,-66.85066667,13.68,3.4,md,17,263,0.6038,0.25,pr,pr71424048,2023-09-07T04:20:27.260Z,"59 km N of Hatillo, Puerto Rico",Puerto Rico,earthquake,1.97,2.84,0.053821579,9,reviewed,pr,pr
2023-10-06T13:53:53.870Z,18.923,-66.7955,13.55,3.43,md,12,253,0.5102,0.42,pr,pr71427653,2023-10-06T14:19:56.440Z,"48 km N of Hatillo, Puerto Rico",Puerto Rico,earthquake,2.87,3.98,0.181402561,3,reviewed,pr,pr
2023-10-01T03:31:21.690Z,18.86266667,-65.29316667,15.74,3.43,md,16,258,0.5996,0.27,pr,pr71426798,2023-10-01T03:47:17.840Z,"61 km N of Culebra, Puerto Rico",Puerto Rico,earthquake,2.01,4.29,0.090097513,12,reviewed,pr,pr
2023-09-13T07:45:22.620Z,19.385,-65.451,20.86,3.43,md,6,287,1.129,0.16,pr,pr71424658,2023-09-13T10:47:01.770Z,"113 km NNE of Vieques, Puerto Rico",Puerto Rico,earthquake,1.27,15.86,0.017445738,3,reviewed,pr,pr
2023-09-08T00:12:49.310Z,18.88816667,-67.69766667,41.98,3.43,md,9,328,0.5422,0.15,pr,pr71424093,2023-09-08T00:29:37.620Z,"76 km NW of Aguadilla, Puerto Rico",Puerto Rico,earthquake,1.28,2.61,0.096295273,3,reviewed,pr,pr
2023-09-20T04:32:39.430Z,19.1195,-65.5928,36,3.5,md,12,268,0.9475,0.42,pr,pr2023263000,2023-09-20T05:04:19.562Z,"80 km NNE of Vieques, Puerto Rico",Puerto Rico,earthquake,3.76,18.27,0.11,9,reviewed,pr,pr
2023-09-24T03:39:10.140Z,19.2625,-67.3535,43,3.56,md,15,295,0.8311,0.39,pr,pr2023267000,2023-09-24T04:10:20.408Z,"89 km NNW of San Antonio, Puerto Rico",Puerto Rico,earthquake,2.54,10.32,0.05,12,reviewed,pr,pr
2023-09-08T15:49:14.060Z,19.0535,-65.7603,25,3.58,md,13,246,0.9156,0.41,pr,pr2023251000,2023-09-24T18:56:17.040Z,"69 km N of Suárez, Puerto Rico",Puerto Rico,earthquake,2.04,28.44,0.13,5,reviewed,pr,pr
2023-09-28T05:47:45.500Z,19.6526,-65.6818,76,3.62,md,10,315,1.4852,0.48,pr,pr2023271000,2023-09-28T06:17:03.862Z,"136 km N of Suárez, Puerto Rico",Puerto Rico,earthquake,8.41,20.67,0.02,4,reviewed,pr,pr
2023-09-06T22:42:23.710Z,19.0698,-66.7621,52,3.64,md,19,196,0.6962,0.35,pr,pr2023249005,2023-10-04T01:40:07.040Z,"64 km N of Hatillo, Puerto Rico",Puerto Rico,earthquake,2.18,7.12,0.1,14,reviewed,pr,pr
2023-09-16T07:54:40.680Z,17.8796,-66.864,7,3.65,md,20,215,0.0967,0.23,pr,pr2023259000,2023-09-27T11:56:58.181Z,"11 km SSE of Guánica, Puerto Rico",Puerto Rico,earthquake,0.75,0.53,0.08,16,reviewed,pr,pr
2023-09-19T22:35:00.830Z,19.1325,-65.485,46,3.66,md,18,249,0.9383,0.37,pr,pr2023262002,2023-09-19T23:17:46.040Z,"86 km NNE of Vieques, Puerto Rico",Puerto Rico,earthquake,2.59,8.96,0.12,13,reviewed,pr,pr
2023-09-21T04:30:05.890Z,19.5241,-65.5145,90,3.74,md,10,289,1.2945,0.25,pr,pr2023264000,2023-09-21T04:55:34.412Z,"126 km NNE of Vieques, Puerto Rico",Puerto Rico,earthquake,4.17,7.37,0.16,4,reviewed,pr,pr
2023-10-05T17:20:04.530Z,18.8358,-66.74,48,3.81,md,18,227,0.4159,0.18,pr,pr2023278001,2023-10-06T20:12:38.040Z,"39 km N of Carrizales, Puerto Rico",Puerto Rico,earthquake,0.8,1.57,0.07,13,reviewed,pr,pr
2023-09-14T09:58:47.370Z,19.654,-65.3293,30,3.83,md,15,298,1.3515,0.2,pr,pr2023257000,2023-09-14T11:23:08.040Z,"146 km NNE of Vieques, Puerto Rico",Puerto Rico,earthquake,1.21,17.05,0.09,13,reviewed,pr,pr
2023-09-27T00:28:57.350Z,19.06666667,-65.661,11.94,3.07,md,12,261,0.8455,0.11,pr,pr71426053,2023-09-27T00:44:01.880Z,Puerto Rico,Puerto Rico,earthquake,2.15,3.1,0.133404775,11,reviewed,pr,pr
2023-10-01T02:22:42.640Z,17.88983333,-66.85016667,11.68,3.18,md,23,223,0.08917,0.15,pr,pr71426748,2023-10-01T02:47:49.520Z,Puerto Rico,Puerto Rico,earthquake,0.49,0.36,0.117185937,15,reviewed,pr,pr
2023-09-27T22:10:37.450Z,18.888,-65.3455,14.89,3.21,md,6,265,0.648,0.12,pr,pr71426188,2023-09-27T22:29:29.390Z,Puerto Rico,Puerto Rico,earthquake,1.85,3.45,0.206550002,3,reviewed,pr,pr
2023-10-01T05:20:19.160Z,17.9405,-66.2745,7.19,3.23,md,30,192,0.1615,0.3,pr,pr71426933,2023-10-02T02:36:13.596Z,Puerto Rico,Puerto Rico,earthquake,0.45,0.41,0.087934713,12,reviewed,pr,pr
2023-09-22T11:38:15.180Z,18.36716667,-66.07033333,108.62,3.28,md,16,165,0.05913,0.2,pr,pr71425538,2023-10-01T04:39:30.040Z,Puerto Rico,Puerto Rico,earthquake,1.74,0.85,0.038153493,8,reviewed,pr,pr
2023-09-17T14:30:17.220Z,18.91183333,-66.7975,20.26,3.28,md,14,270,0.5015,0.18,pr,pr71425133,2023-09-17T15:18:03.340Z,Puerto Rico,Puerto Rico,earthquake,1.14,17.41,0.049256475,11,reviewed,pr,pr
2023-09-23T18:16:13.950Z,19.48433333,-65.489,87.1,3.38,md,3,320,1.234,0.37,pr,pr71425613,2023-09-23T19:50:15.510Z,Puerto Rico,Puerto Rico,earthquake,13.92,23.99,0.122549953,2,reviewed,pr,pr
2023-10-01T17:29:42.890Z,19.137,-65.6196,27,3.53,md,13,300,0.9491,0.27,pr,pr2023274000,2023-10-01T17:46:47.472Z,Puerto Rico,Puerto Rico,earthquake,1.47,17.41,0.07,11,reviewed,pr,pr
2023-09-26T03:50:09.200Z,17.9258,-66.2696,8,3.59,md,18,199,0.1675,0.29,pr,pr2023269001,2023-09-27T01:45:17.040Z,Puerto Rico,Puerto Rico,earthquake,0.8,1.27,0.06,13,reviewed,pr,pr
2023-09-18T17:01:22.700Z,19.2016,-66.708,59,3.6,md,16,229,0.7462,0.49,pr,pr2023261000,2023-09-18T17:27:03.805Z,Puerto Rico,Puerto Rico,earthquake,3.08,6.07,0.15,15,reviewed,pr,pr
2023-10-04T00:04:55.540Z,19.7721,-65.404,61,3.99,md,8,322,1.4859,0.33,pr,pr2023277000,2023-10-04T03:16:09.040Z,Puerto Rico,Puerto Rico,earthquake,5.62,20.86,0.11,7,reviewed,pr,pr
2023-10-05T14:14:44.166Z,31.634,-104.177,7.7769,3,mlv,44,63,0.1,0.2,tx,tx2023tneo,2023-10-05T14:32:27.538Z,"50 km NW of Toyah, Texas",Texas,earthquake,0.76425403,0.904673394,0.2,32,reviewed,tx,tx
2023-09-30T01:11:31.108Z,32.7,-100.698,1.9319,3,ml(texnet),14,47,0,0.1,tx,tx2023tdbf,2023-10-02T11:45:26.379Z,"9 km NE of Hermleigh, Texas",Texas,earthquake,1.019387885,1.859434706,0.1,21,reviewed,tx,tx
2023-09-15T11:58:32.872Z,29.03045654,-97.9029182,8.339070638,3,ml,16,66,0.04820144,0.3,tx,tx2023sclz,2023-09-23T06:06:24.040Z,"12 km ENE of Falls City, Texas",Texas,earthquake,1.718567809,2.683085573,0.2,10,reviewed,tx,tx
2023-10-04T16:26:38.936Z,31.637,-104.176,7.3656,3.1,ml(texnet),54,60,0.1,0.3,tx,tx2023tlnl,2023-10-05T12:19:29.637Z,"50 km NW of Toyah, Texas",Texas,earthquake,0.778648867,0.818727281,0.1,24,reviewed,tx,tx
2023-10-04T05:29:20.494Z,31.615,-103.981,8.5224,3.1,ml(texnet),66,41,0,0.2,tx,tx2023tkrs,2023-10-04T15:01:21.297Z,"37 km WSW of Mentone, Texas",Texas,earthquake,0.479724069,0.539650938,0.2,37,reviewed,tx,tx
2023-09-25T09:02:20.516Z,28.915,-97.963,4.1818,3.1,ml(texnet),15,71,0,0.2,tx,tx2023sunf,2023-09-25T22:52:29.505Z,"6 km WNW of Karnes City, Texas",Texas,earthquake,1.274075914,2.064350881,0.2,9,reviewed,tx,tx
2023-09-11T23:49:24.549Z,29.05975342,-97.87189798,4.670857747,3.1,ml,22,82,0.080164909,0.2,tx,tx2023rwbl,2023-09-12T15:18:58.911Z,"16 km ENE of Falls City, Texas",Texas,earthquake,1.295215068,2.533880727,0,7,reviewed,tx,tx
2023-09-11T20:07:23.647Z,29.09454346,-97.86982996,2.518839518,3.2,ml,19,85,0.069507517,0.3,tx,tx2023rvuc,2023-09-18T15:26:59.040Z,"18 km SSE of Stockdale, Texas",Texas,earthquake,2.206267046,2.101764894,0.2,10,reviewed,tx,tx
2023-09-08T01:35:32.940Z,31.94000244,-102.0399438,7.996704102,3.2,ml,25,70,0.091154169,0.1,tx,tx2023rowx,2023-09-30T00:36:38.040Z,"7 km SSE of Midland, Texas",Texas,earthquake,0.594839329,1.336604543,0.1,7,reviewed,tx,tx
2023-10-02T03:21:22.285Z,32.758,-100.655,3.8394,3.6,ml(texnet),14,54,0.1,0.1,tx,tx2023tgwm,2023-10-03T00:10:58.040Z,"16 km NE of Hermleigh, Texas",Texas,earthquake,0.852508761,1.486177393,0.1,13,reviewed,tx,tx
2023-09-22T20:15:58.090Z,32.685,-100.689,6.774,3.9,ml(texnet),23,56,0,0.1,tx,tx2023spwx,2023-09-25T18:30:15.040Z,"8 km NE of Hermleigh, Texas",Texas,earthquake,0.751756967,1.262697308,0,6,reviewed,tx,tx
2023-09-14T18:50:41.793Z,29.07531738,-97.86465993,5.428955078,4,ml,27,50,0.096886303,0.3,tx,tx2023sbec,2023-10-03T19:03:14.040Z,"18 km NE of Falls City, Texas",Texas,earthquake,1.486079629,2.0866699,0,6,reviewed,tx,tx
2023-10-04T06:02:01.919Z,31.612,-103.98,6.8514,3,ml(texnet),15,57,0,0.1,tx,tx2023tksr,2023-10-04T09:35:45.901Z,Texas,Texas,earthquake,0.53050999,0.652259492,0.1,6,reviewed,tx,tx
2023-09-30T06:08:07.707Z,32.705,-100.698,2.1765,3.1,ml(texnet),11,71,0,0.1,tx,tx2023tdla,2023-10-02T11:19:51.423Z,Texas,Texas,earthquake,0.755753386,1.235482144,0.1,17,reviewed,tx,tx
2023-09-25T03:18:10.059Z,32.403,-102.021,9.7085,3.3,ml(texnet),17,53,0.1,0.1,tx,tx2023subv,2023-09-26T01:00:36.040Z,Texas,Texas,earthquake,0.851877121,2.100788212,0.1,7,reviewed,tx,tx
2023-10-03T06:06:21.042Z,32.749,-100.617,3.9861,3.5,ml(texnet),32,71,0.1,0.3,tx,tx2023tixl,2023-10-04T14:43:00.774Z,Texas,Texas,earthquake,0.880664337,1.681531794,0.1,17,reviewed,tx,tx
2023-09-26T00:46:36.400Z,19.76,-64.2965,22,3.98,md,18,300,1.5546,0.39,pr,pr2023269000,2023-09-26T01:15:47.275Z,U.S. Virgin Islands,U.S. Virgin Islands,earthquake,1.51,29.78,0.09,16,reviewed,pr,pr
2023-09-09T11:51:38.470Z,18.93883333,-64.97766667,21.18,3.19,md,11,284,0.5837,0.17,pr,pr71424273,2023-09-09T12:17:15.540Z,"66 km N of Charlotte Amalie, U.S. Virgin Islands",U.S. Virgin Islands,earthquake,1,14.73,0.091055404,5,reviewed,pr,pr
2023-09-09T11:27:53.000Z,18.98616667,-65.07533333,19.26,3.41,md,10,280,0.6404,0.28,pr,pr71424268,2023-09-09T12:32:17.650Z,"72 km NNW of Charlotte Amalie, U.S. Virgin Islands",U.S. Virgin Islands,earthquake,4.1,7.36,0.189020425,9,reviewed,pr,pr
2023-09-09T11:53:21.920Z,18.94833333,-64.99666667,22.78,3.43,md,12,281,0.594,0.27,pr,pr71424278,2023-09-24T12:39:26.040Z,"67 km N of Charlotte Amalie, U.S. Virgin Islands",U.S. Virgin Islands,earthquake,1.32,18.67,0.116335348,8,reviewed,pr,pr
2023-09-28T11:26:13.010Z,18.7913,-64.3293,35,3.6,md,5,337,0.7655,0.33,pr,pr2023271001,2023-09-28T13:45:34.421Z,"70 km NE of Cruz Bay, U.S. Virgin Islands",U.S. Virgin Islands,earthquake,6.74,13.26,0.13,3,reviewed,pr,pr
2023-09-25T02:25:39.470Z,19.1476,-64.6046,37,3.6,md,12,302,0.8696,0.5,pr,pr2023268000,2023-09-26T00:25:02.040Z,"92 km NNE of Cruz Bay, U.S. Virgin Islands",U.S. Virgin Islands,earthquake,4.8,29.61,0.16,3,reviewed,pr,pr
2023-09-10T20:02:57.070Z,19.6071,-64.9013,43,3.6,md,10,301,1.2552,0.24,pr,pr2023253003,2023-09-10T20:24:05.720Z,"140 km N of Charlotte Amalie, U.S. Virgin Islands",U.S. Virgin Islands,earthquake,3.1,16.45,0.01,3,reviewed,pr,pr
2023-09-19T02:37:19.310Z,18.7108,-64.1361,24,3.62,md,11,222,0.8953,0.19,pr,pr2023262001,2023-09-20T00:36:17.040Z,"81 km ENE of Cruz Bay, U.S. Virgin Islands",U.S. Virgin Islands,earthquake,1.45,13.98,0.02,4,reviewed,pr,pr
2023-09-10T11:29:48.920Z,19.257,-65.1178,57,3.66,md,12,290,0.9169,0.48,pr,pr2023253002,2023-09-10T14:05:17.820Z,"103 km N of Charlotte Amalie, U.S. Virgin Islands",U.S. Virgin Islands,earthquake,4.64,12.38,0.08,6,reviewed,pr,pr
2023-09-29T00:12:18.510Z,18.9705,-64.3628,20,3.72,md,13,305,0.857,0.17,pr,pr2023272000,2023-09-29T01:30:20.040Z,"84 km NNE of Cruz Bay, U.S. Virgin Islands",U.S. Virgin Islands,earthquake,0.98,16.64,0.07,7,reviewed,pr,pr
2023-09-15T16:44:52.690Z,19.553,-64.6635,51,3.75,md,8,317,1.2358,0.3,pr,pr2023258002,2023-09-30T16:37:10.040Z,"135 km N of Cruz Bay, U.S. Virgin Islands",U.S. Virgin Islands,earthquake,5.24,18.56,0.05,5,reviewed,pr,pr
2023-09-19T01:53:16.190Z,19.5725,-64.6235,33,3.8,md,9,318,1.2647,0.11,pr,pr2023262000,2023-09-19T02:14:06.591Z,"138 km N of Cruz Bay, U.S. Virgin Islands",U.S. Virgin Islands,earthquake,1.48,11.69,0.04,4,reviewed,pr,pr
2023-09-09T01:59:14.330Z,19.7691,-64.4281,63,3.82,md,12,314,1.512,0.44,pr,pr2023252000,2023-09-30T01:52:37.040Z,"163 km NNE of Cruz Bay, U.S. Virgin Islands",U.S. Virgin Islands,earthquake,6.55,28.55,0.09,7,reviewed,pr,pr
2023-09-15T18:00:46.520Z,19.5216,-64.7276,85,3.86,md,12,331,1.1914,0.11,pr,pr2023258003,2023-09-15T19:31:23.040Z,"131 km N of Cruz Bay, U.S. Virgin Islands",U.S. Virgin Islands,earthquake,3.16,6.17,0.06,3,reviewed,pr,pr
2023-09-15T08:56:07.580Z,19.7136,-64.7113,39,3.9,md,15,290,1.3831,0.35,pr,pr2023258000,2023-09-27T06:11:29.040Z,"153 km N of Cruz Bay, U.S. Virgin Islands",U.S. Virgin Islands,earthquake,2.96,26.24,0.12,10,reviewed,pr,pr
2023-09-10T01:47:14.230Z,19.7135,-64.7235,39,3.9,md,16,298,1.3808,0.38,pr,pr2023253000,2023-09-10T02:18:13.821Z,"153 km N of Cruz Bay, U.S. Virgin Islands",U.S. Virgin Islands,earthquake,2.95,23.77,0.09,6,reviewed,pr,pr
2023-09-10T08:50:31.590Z,18.389,-64.451,137,4.05,md,16,342,0.5068,0.19,pr,pr2023253001,2023-10-06T10:42:06.040Z,"36 km E of Cruz Bay, U.S. Virgin Islands",U.S. Virgin Islands,earthquake,4.6,1.18,0.13,12,reviewed,pr,pr
2023-09-08T03:49:17.210Z,19.19,-64.48583333,34.73,3.43,md,11,305,0.945,0.5,pr,pr71424113,2023-09-08T04:13:10.280Z,U.S. Virgin Islands,U.S. Virgin Islands,earthquake,3.8,30.19,0.030352521,4,reviewed,pr,pr